温州名瑞装饰工程有限公司 ,温州市瑞安市安阳南路222号,17769507092,65641666,
温州开美装饰工程有限公司 ,安阳街道嘉宝锦园H幢28号,13615818512,86666969,
瑞安市零距离装饰工程有限公司            ,瑞安市隆山东路 新潮大厦 A-602,4008-659-600,,
瑞安简一装饰工程有限公司            ,瑞安市仲容路景裕小区5幢2单元1004室,4008-659-600,,
浙江省瑞安市大卫装饰工程有限公司            ,浙江省瑞安市外滩新湖大厦2单元302室,4008-659-600,,
瑞安左岸铭居装饰工程有限公司            ,瑞安安阳街道东南大厦1单元601,4008-659-600,,
瑞安佳艺装饰            ,,4008-659-600,,
瑞安鼎盛装饰工程有限公司            ,瑞安市马屿镇镇中路29一31号,4008-659-600,,
瑞安博艺装饰            ,,4008-659-600,,
瑞安博艺装饰            ,,4008-659-600,,
绿庭装饰公司            ,瑞安市望湖家园22栋102室,4008-659-600,,
瑞安市家和装饰            ,瑞安市望湖家园22幢102室,4008-659-600,,
武汉美域高装饰工程有限公司            ,后湖大道同安家园55栋7号商铺,4008-659-600,,
瑞安丽园装饰工程有限公司            ,瑞安市安阳路372号二楼（电信大楼侧对面）,4008-659-600,,
瑞安市维度装饰工程有限公司            ,浙江省瑞安市安阳街道阳光小区王朝公寓B幢二...,4008-659-600,,
原宿室内设计有限公司            ,,4008-659-600,,
方境室内空间设计            ,瑞安市王松东路王朝公寓B幢2单元302室,4008-659-600,,
瑞安博艺装饰有限公司            ,瑞安市罗阳大道700弄1幢3单元,4008-659-600,,
瑞安市臻域装饰工程有限公司            ,瑞安市宏都小区29幢1单元501室,4008-659-600,,
温州汉拓装饰有限公司            ,瑞安市外滩中银公寓A1702（肯德基楼上）,4008-659-600,,
瑞安市波涛装饰工程设计有限公司            ,瑞安宏远路1206号,4008-659-600,,
温州顺平装饰有限公司            ,,4008-659-600,,
瑞安瑞杰设计工作室            ,东都花园33幢二单元702,4008-659-600,,
温州瑞庭装饰有限公司            ,瑞安市莘阳大道737号瑞虹景园2幢1单元5...,4008-659-600,,
温州名瑞装饰工程有限公司 ,温州市瑞安市安阳南路222号,17769507092,65641666,
温州开美装饰工程有限公司 ,安阳街道嘉宝锦园H幢28号,13615818512,86666969,
瑞安市零距离装饰工程有限公司            ,瑞安市隆山东路 新潮大厦 A-602,4008-659-600,,
瑞安简一装饰工程有限公司            ,瑞安市仲容路景裕小区5幢2单元1004室,4008-659-600,,
浙江省瑞安市大卫装饰工程有限公司            ,浙江省瑞安市外滩新湖大厦2单元302室,4008-659-600,,
瑞安左岸铭居装饰工程有限公司            ,瑞安安阳街道东南大厦1单元601,4008-659-600,,
瑞安佳艺装饰            ,,4008-659-600,,
瑞安鼎盛装饰工程有限公司            ,瑞安市马屿镇镇中路29一31号,4008-659-600,,
瑞安博艺装饰            ,,4008-659-600,,
瑞安博艺装饰            ,,4008-659-600,,
绿庭装饰公司            ,瑞安市望湖家园22栋102室,4008-659-600,,
瑞安市家和装饰            ,瑞安市望湖家园22幢102室,4008-659-600,,
瑞安丽园装饰工程有限公司            ,瑞安市安阳路372号二楼（电信大楼侧对面）,4008-659-600,,
武汉美域高装饰工程有限公司            ,后湖大道同安家园55栋7号商铺,4008-659-600,,
原宿室内设计有限公司            ,,4008-659-600,,
瑞安市维度装饰工程有限公司            ,浙江省瑞安市安阳街道阳光小区王朝公寓B幢二...,4008-659-600,,
方境室内空间设计            ,瑞安市王松东路王朝公寓B幢2单元302室,4008-659-600,,
瑞安博艺装饰有限公司            ,瑞安市罗阳大道700弄1幢3单元,4008-659-600,,
瑞安市臻域装饰工程有限公司            ,瑞安市宏都小区29幢1单元501室,4008-659-600,,
温州汉拓装饰有限公司            ,瑞安市外滩中银公寓A1702（肯德基楼上）,4008-659-600,,
瑞安市波涛装饰工程设计有限公司            ,瑞安宏远路1206号,4008-659-600,,
温州顺平装饰有限公司            ,,4008-659-600,,
瑞安瑞杰设计工作室            ,东都花园33幢二单元702,4008-659-600,,
温州瑞庭装饰有限公司            ,瑞安市莘阳大道737号瑞虹景园2幢1单元5...,4008-659-600,,
