内蒙古鸿业建筑装饰工程有限公司 ,,15149794288,,
鄂尔多斯市意维装饰设计工程有限公司 ,东胜区旅游大厦(宏源一品)12楼,18704777242,2255516,
鄂尔多斯市尚层建筑设计装饰工程有限公司 ,鄂尔多斯市东胜区横东集团大厦1922,15704998577,3845600,
内蒙古筑森时代装饰有限公司 ,鄂尔多斯市东胜区万正广场B座1305,18647733700,8566636,
阔达建筑装饰工程有限责任公司            ,金泽大厦5楼,4008-659-600,,
嘉祺装饰设计工程有限公司            ,万达广场2楼,4008-659-600,,
北京业之峰诺华装饰有限公司（鄂尔多斯）            ,神州商务大厦6楼,4008-659-600,,
东胜恒居装饰有限公司            ,鄂尔多斯市东胜区宏源时代广场*,4008-659-600,,
波涛装饰公司            ,鄂托克前旗汽车站南100米,4008-659-600,,
南国风装饰工程有限工司            ,青山湖南大道墅溪园,4008-659-600,,
名匠装饰（鄂尔多斯）有限公司            ,伊金霍洛旗,4008-659-600,,
鄂尔多斯鲁公大宅装饰工程公司            ,内蒙古自治区鄂尔多斯市康巴什区惠民街121...,4008-659-600,,
北京实创家居装饰集团(鄂尔多斯)有限公司            ,鄂尔多斯大厦3楼层,4008-659-600,,
三星装饰有限公司鄂尔多斯分公司            ,鄂尔多斯大厦一楼,4008-659-600,,
广州市华宁装饰工程有限公司鄂尔多斯分公司            ,鄂尔多斯鄂托克旗汽车站南150米,4008-659-600,,
鄂尔多斯装饰公司            ,鄂尔多斯抚生丽都广场,4008-659-600,,
北京实创家居装饰集团(江西)有限公司            ,南昌市洪城路6号国贸国贸广场新华都1-3层,4008-659-600,,
江西装饰设计工程有限公司            ,西湖区洪城路987号丽都广场a栋五楼（）,4008-659-600,,
南昌站            ,江西省南昌市青山湖区上海路699文化创意园,4008-659-600,,
 ,南昌市青山湖区上海路699文化创意园,4008-659-600,,
南昌实创家居装饰            ,南昌市洪城路6号新华都购物广场3楼,4008-659-600,,
江西翔海装饰工程有限公司            ,,4008-659-600,,
南昌站            ,江西省南昌市青山湖区上海路699文化创意园,4008-659-600,,
迪赞设计空间            ,南昌市井冈山大道名爵公馆,4008-659-600,,
鄂尔多斯市恒居装饰装修有限责任公司            ,东胜区宏源时代广场19楼,4008-659-600,,
鄂尔多斯市恒居装饰装修有限责任公司            ,宏源时代广场19楼,4008-659-600,,
内蒙古海天整装家居有限责任公司            ,内蒙古包头市青山区包头市青山区友谊大街与劳...,4008-659-600,,
鄂尔多斯市城市人家装饰设计工程有限公司            ,鄂尔多斯市东胜区铁西万正广场B座11楼,4008-659-600,,
东胜区蜀泰一站装饰中心            ,,4008-659-600,,
军星装饰公司            ,,4008-659-600,,
鄂尔多斯城市人家装饰设计工程有限公司            ,万正广场B座,4008-659-600,,
亿合装饰            ,,4008-659-600,,
军星装饰公司            ,,4008-659-600,,
内蒙古海天整装家居有限责任公司            ,内蒙古包头市青山区包头市青山区友谊大街与劳...,4008-659-600,,
鄂尔多斯城市人家装饰设计工程有限公司            ,鄂尔多斯万正广场B座11楼,4008-659-600,,
鄂尔多斯市交换空间装饰有限公司            ,东胜区兴蒙建材城四楼交换空间,4008-659-600,,
鄂尔多斯市嘉艺装饰有限公司            ,内蒙古自治区 鄂尔多斯市 东胜区 东胜兴蒙...,4008-659-600,,
鄂尔多斯市万亿宏装饰有限公司            ,鄂尔多斯市东胜区康震对面,4008-659-600,,
华浔品味装饰            ,东路鹿鼎家居4楼b馆,4008-659-600,,
梅朵设计装饰工程有限公司            ,鄂尔多斯市东胜区国家高新技术产业园区,4008-659-600,,
城市人家装饰有限公司            ,北京市大兴区亦庄经济开发区4号街区力宝广场...,4008-659-600,,
鄂尔多斯道艺装饰有限公司            ,万达中心写字楼B2-814,4008-659-600,,
美星装饰集团            ,南昌,4008-659-600,,
鲁班装饰设计有限公司            ,南昌,4008-659-600,,
意维装饰有限公司            ,鄂尔多斯市东胜区旅游大厦12楼,4008-659-600,,
江西装饰-江西装饰(旗舰店)            ,江西省南昌市西湖区洪城路丽都广场a栋装饰5...,4008-659-600,,
鄂尔多斯国豪装饰有限公司            ,内蒙古自治区鄂尔多斯市 东胜区市东胜区财富...,4008-659-600,,
乐屋装饰集团            ,鄂尔多斯市东胜区鄂尔多斯市康巴什新区华资大...,4008-659-600,,
