重庆天怡美装饰工程有限公司 ,重庆市渝北区天宫大道华宇北城中央A区,18723363457,12345678,
重庆唐卡装饰工程有限公司 ,重庆市江北区观音桥嘉年华大厦6L(苏宁易购...,15823149545,400000000,
重庆佳天下装饰工程有限公司 ,重庆市渝北区红土地立交445号七彩空间A栋,18580458875,81310660,
重庆二十四城家居装饰设计有限责任公司 ,九龙坡杨家坪西郊19号(轻轨站旁五十米,大...,15215088920,15088920,
业之峰诺华家居装饰集团有限公司重庆分公司 ,渝北区人和金开大道两江天地大厦一楼(迪卡侬...,17726693575,63023967,
重庆乐尚装饰工程有限公司 ,江北店：观音桥泰兴e世界7楼整层，南岸区店...,13668048170,68048170,
众意(重庆)家居装饰有限公司 ,江北区红旗河沟转盘世纪英皇2层,17316780895,38370847,
重庆远景装饰工程有限公司 ,重庆市渝北区,18315092803,56415555,
重庆佳天下装饰工程有限公司渝北分公司2部 ,重庆市渝北区红土地立交445号七彩空间A栋,18182226104,81370660,
重庆乐尚装饰工程有限公司 ,重庆市江北区观音桥泰兴e世界7楼整层,13668048170,68048170,
重庆交换空间装饰工程有限公司 ,江北红旗河沟,15215150021,15151515,
重庆象田装饰设计工程有限公司 ,渝北花卉园世纪财富星座7楼,18983680505,67767543,
重庆市渝北区桔子装饰工程有限公司 ,重庆市渝北区龙溪街道佳园路66号银海北极星...,17384700553,63126818,
重庆市宏韵装饰工程有限公司 ,重庆市渝北区园博园金开大道1222号居然之...,13752873757,63722885,
重庆高度国际装饰工程有限公司 ,重庆市渝北区赛迪路2号金山商业中心19层,13309067144,61962083,
重庆炫麟装饰设计工程有限公司 ,重庆市渝北区华辰财富广场B座13-6,13648339600,68831583,
重庆唐卡装饰工程有限公司 ,江北观音桥嘉年华大厦5-6楼,18716695322,67602200,
重庆天馨壹品实业有限公司 ,重庆市,15922519921,400-088-4229,
重庆西港装饰工程有限公司 ,1重庆市江北区红土地立交长安丽都揽胜国际(...,17784462700,18996956,
重庆芳轩装饰工程有限公司 ,重庆市渝中区翠湖天地LOFT406,17353269480,62318801,
重庆京米装饰工程有限公司 ,渝北区松树桥世纪财富中心2楼,12345678901,67271619,
天津居联峰尚装饰工程有限公司重庆分公司 ,重庆市沙坪坝区沙滨路国际创客港,18602371882,65269717,
重庆天色装饰设计有限公司            ,江北观音桥朗晴广场B幢38楼,4008-659-600,,
重庆视觉色纯简易家装饰            ,重庆市民安大道447号金地豪苑1、2、3楼,4008-659-600,,
重庆鹏泰家好佳装饰工程有限公司            ,江北区观音桥富力海洋广场负2负3层,4008-659-600,,
重庆华浔品味装饰            ,重庆市江北区北滨路灯巢406室,4008-659-600,,
重庆美的家装饰工程有限公司            ,主城.区县都有店面(江北.南坪.沙坪坝.渝...,4008-659-600,,
重庆俏业家装饰工程有限公司            ,重庆北部新区金渝大道金山意库3号楼3楼,4008-659-600,,
重庆承旗装饰工程有限公司            ,丰都县龙河东东麓国际3幢3楼B02号,4008-659-600,,
重庆业之峰装饰            ,重庆市渝北区新溉大道天工太阳岛231号,4008-659-600,,
量浩国际香港设计有限公司            ,重庆市梁平县,4008-659-600,,
重庆典硕装饰工程有限责任公司            ,重庆市渝北区汽博中心线外城市花园2栋21楼,4008-659-600,,
重庆绿色家装饰            ,大雅金开国际企宸2栋,4008-659-600,,
重庆航鸿幕墙装饰设计有限公司            ,重庆市南岸区南坪东路39号,4008-659-600,,
重庆面对面装饰工程有限公司            ,重庆江北区观音桥北辰名都6楼,4008-659-600,,
重庆格调装饰工程有限公司            ,江北观音桥朗晴广场B塔28楼,4008-659-600,,
重庆饰不凡整体装饰工程有限公司            ,重庆市九龙坡区杨家坪步行街重百20-1,4008-659-600,,
重庆市达瑞装饰有限公司            ,重庆市沙坪坝区(王府井百货)正昇.自由康都...,4008-659-600,,
重庆爱特装饰工程设计有限公司            ,重庆市江北区红石路226号川东明珠4楼,4008-659-600,,
重庆野战装饰设计有限公司            ,重庆江北区红旗河沟北部尚座A-32-20,4008-659-600,,
重庆特林格装饰工程有限公司            ,重庆江北区观音桥COSMO大厦A座26楼,4008-659-600,,
重庆交换空间装饰工程有限公司            ,南岸区南坪会展中心玖玺国际八栋六楼,4008-659-600,,
广东华浔品味装饰有限公司重庆公司            ,重庆江北区北滨路金源时代广场,4008-659-600,,
重庆装饰工程有限公司            ,重庆江北茂业百货,4008-659-600,,
重庆交换空间装饰有限公司旧房改造中心            ,北部新区汇流路一号美联国际购物广场（宜家家...,4008-659-600,,
重庆匠心家装饰设计工程有限公司            ,重庆市巴南区旭辉城国际广场,4008-659-600,,
重庆创世华宸家居系统集成有限公司            ,重庆北部新区礼嘉康美社区融创玫瑰园,4008-659-600,,
重庆生活家装饰公司            ,江北区红黄路20号附一号,4008-659-600,,
重庆典硕装饰工程有限责任公司            ,重庆渝北区汽博中心线外城市花园2栋21楼,4008-659-600,,
重庆欧派铂晶装修设计工程有限公司            ,重庆沙坪坝大学城西路17号附408-409...,4008-659-600,,
重庆亚坤建筑装饰有限公司            ,观音桥浩博天庭13-10,4008-659-600,,
重庆金煌装饰有限公司            ,渝中区解放碑临江支路2号合景大厦,4008-659-600,,
重庆装饰            ,重庆南坪协信星光时代广场7栋36层,4008-659-600,,
重庆视觉色装饰有限公司            ,重庆市江北区洋河一路78#国际商会大厦21...,4008-659-600,,
重庆欧乐装饰工程有限公司            ,重庆市南坪西路27号福天大厦A座3楼,4008-659-600,,
重庆欧也装饰工程有限公司            ,重庆市渝北区松牌路523号金龙商厦4楼(新...,4008-659-600,,
重庆匠心家装饰设计有限公司            ,巴南区龙洲湾街道旭辉乐活城内,4008-659-600,,
重庆乾维装饰            ,重庆江北观音桥·浩博天庭24楼（爱尔眼科楼...,4008-659-600,,
重庆居无忧装饰工程有限公司            ,重庆市万州区北山大道170号中天家居4楼(...,4008-659-600,,
尚层装饰(北京)有限公司重庆分公司            ,重庆市渝北区黄山大道56号中段渝兴广场B1...,4008-659-600,,
重庆恒东装饰工程有限公司            ,重庆渝北新牌坊都会首站2栋13-11,4008-659-600,,
重庆恺邸装饰设计有限公司            ,重庆市渝中区大坪龙湖时代天街C馆18栋22...,4008-659-600,,
重庆交换空间装饰工程有限公司            ,重庆南岸区南坪会展中心玖玺台8栋6楼,4008-659-600,,
成都居之家装饰工程有限公司重庆分公司            ,重庆九龙坡区华园路13号,4008-659-600,,
重庆野战装饰设计有限公司            ,重庆江北建马特北部尚座32-20,4008-659-600,,
重庆兰亭序硅藻泥装饰公司            ,重庆市聚信美 鸳鸯,4008-659-600,,
重庆金煌装饰            ,重庆解放碑临江支路2号合景大厦20楼,4008-659-600,,
重庆博玛装饰工程有限公司            ,江北观音桥步行街同聚远景27楼,4008-659-600,,
重庆面对面装饰工程有限公司            ,重庆江北观音桥北辰名都6楼,4008-659-600,,
重庆金蜜蜂装饰工程有限公司            ,九龙坡杨家坪建设广场b栋2楼,4008-659-600,,
东易日盛速美超级家            ,重庆市南岸区会展中心旁玖玺国际6栋3楼,4008-659-600,,
天猫家装e站重庆站            ,江北华新街城市领地A座2楼,4008-659-600,,
金牌A装修有限公司            ,,4008-659-600,,
重庆华发装修工程有限公司            ,重庆市渝北区新溉大道99号中渝香奈公馆8号...,4008-659-600,,
重庆休品装饰工程有限公司            ,重庆市巴南区龙海大道15号8幢9-15,4008-659-600,,
百成和润建筑工程有限公司            ,重庆市江北区协信中心1幢1310,4008-659-600,,
香港BIGBOX国际设计机构            ,渝北区金童路89号,4008-659-600,,
重庆家宝建筑装饰工程设计有限公司            ,重庆市渝北区金渝大道新科国际2-16-3,4008-659-600,,
重庆天成装饰工程有限公司            ,重庆市九龙坡区石小路高庙村欣芳苑2楼,4008-659-600,,
梓望装饰设计工程有限公司            ,重庆市江北区观音桥COSMO成长广场,4008-659-600,,
重庆天怡美装饰工程有限公司            ,重庆市渝北区泰山大道华宇北城中央A区,4008-659-600,,
重庆佳天下装饰工程有限公司            ,重庆各主城区(江北、渝北、沙坪坝、九龙坡),4008-659-600,,
重庆大一天装饰设计工程有限公司            ,重庆江北红旗河沟建玛特C座时代名居16楼,4008-659-600,,
重庆三好brt速装中心            ,渝北区新溉大道新牌坊山顶道国宾城,4008-659-600,,
重庆二十四城装饰公司            ,重庆市九龙坡区杨家坪步行街都市桃园1层,4008-659-600,,
重庆本佳装饰工程有限公司            ,重庆市南岸区亚太商谷7栋6楼,4008-659-600,,
重庆优木家装饰工程有限公司            ,重庆市九龙坡区步行街国际金融大厦16楼,4008-659-600,,
重庆十月装饰设计有限责任公司            ,丰都县三合街道平东路三支路十月装饰,4008-659-600,,
重庆爱宅装饰有限公司            ,重庆市渝北区力帆红星国际广场C1-17-1,4008-659-600,,
重庆骏鹏装饰工程有限公司            ,重庆市九龙坡区石桥铺老街映像1栋2单元4-...,4008-659-600,,
重庆大一天装饰工程有限公司            ,重庆市江北区红旗河沟建玛特时代名居C座16...,4008-659-600,,
重庆维尔维尔装饰设计工程有限公司            ,重庆渝北区红黄路52号御景天成3,4号裙楼...,4008-659-600,,
重庆千慕峰装饰工程有限公司            ,重庆市南岸区南坪上海城东门处,4008-659-600,,
重庆千慕峰装饰工程有限公司            ,重庆市南岸区南坪上海城东门处,4008-659-600,,
森诺室内设计工作室            ,重庆云阳县金科世界城口福街64栋2楼108...,4008-659-600,,
 ,,4008-659-600,,
美的家装饰工程有些公司            ,,4008-659-600,,
重庆市鼎隆家俬有限公司            ,重庆市九龙坡含谷镇海龙工业园新营房村7社,4008-659-600,,
北京业之峰诺华装饰股份有限公司            ,重庆市渝北区新溉大道231好天工太阳业之峰...,4008-659-600,,
重庆市欧也装饰工程有限公司            ,重庆市渝北区松牌路523号金龙大厦4楼,4008-659-600,,
重庆居无忧装饰工程有限公司            ,重庆市万州区北山大道中天家居四楼,4008-659-600,,
重庆北鼎装饰工程有限公司            ,重庆市渝北区嘉州金山路山顶道8号,4008-659-600,,
天怡美装饰工程有限公司            ,渝北区天宫大道,4008-659-600,,
重庆协众装饰工程有限公司            ,大学城西城广场3-23,4008-659-600,,
重庆盈隆装饰设计工程有限公司            ,重庆市江北区红石路5号21-10,4008-659-600,,
重庆爱宅装饰有限公司            ,重庆市渝北区力帆红星国际广场C1-17-1,4008-659-600,,
广东华浔品味装饰            ,江北北滨路金源时代广场灯巢,4008-659-600,,
重庆帝博建筑安装有限公司            ,重庆江北区大石坝东原D7三期三号楼11楼,4008-659-600,,
傲云装饰设计工程有限公司            ,九龙坡杨家坪建玛特A座25,4008-659-600,,
重庆越饰装饰设计工程有限公司            ,巴南区龙洲湾商街3号附,4008-659-600,,
重庆艺巧装饰设计工程有限公司            ,重庆市江北红旗河沟建玛特北部尚座20楼15...,4008-659-600,,
重庆恒东装饰工程有限公司            ,新牌坊中渝都会首站2栋13-11,4008-659-600,,
重庆知行营创装饰工程有限公司            ,重庆市渝中区大坪龙湖时代天街C馆18幢22...,4008-659-600,,
重庆承和装饰工程有限公司            ,重庆市沙坪坝区大学城中路30号(富力城倾城...,4008-659-600,,
佳天下装饰公司            ,重庆市黄泥磅,4008-659-600,,
重庆铭客装饰工程有限公司            ,重庆市万州区龙都街道金港路125号,4008-659-600,,
重庆华艺榻榻米            ,重庆江北区红旗河沟西建玛特北部尚座A29-...,4008-659-600,,
成都冰琅装饰有限公司            ,重庆市渝北区龙头寺渝铁西苑24-3,4008-659-600,,
重庆鹏友百年装饰设计有限公司            ,重庆市渝北区民安大道巴蜀丽景（市公安局斜对...,4008-659-600,,
重庆天色装饰设计有限责任公司            ,江北观音桥朗晴广场B栋38楼（412公交终...,4008-659-600,,
重庆道春凯斯装饰设计工程有限公司            ,重庆南岸区南坪江南大道19号城市之光30楼...,4008-659-600,,
重庆川豪装饰建材商城            ,渝北区红锦大道50号加州一号,4008-659-600,,
重庆业之峰峰格汇家居装饰有限公司            ,渝北区新溉大道天工商城(市公安局新溉立交旁...,4008-659-600,,
重庆川豪装饰建材商城            ,渝北区红锦大道50号加州一号,4008-659-600,,
重庆庆城装饰设计工程有限公司            ,南坪步行街金台大厦28-4,4008-659-600,,
昆明傲云装饰设计工程有限公司重庆分公司            ,重庆九龙坡区杨家坪建设广场（建玛特）A座2...,4008-659-600,,
重庆灿烂建筑装饰设计工程有限公司            ,重庆南岸区万达广场商务楼3栋7楼轻轨3号线...,4008-659-600,,
重庆元洲装饰工程有限公司            ,,4008-659-600,,
重庆爱特装饰工程设计有限公司            ,重庆江北大庆村车站川东明珠,4008-659-600,,
 ,,4008-659-600,,
金亦缘装饰工程有限公司            ,,4008-659-600,,
重庆纳禾美建筑装饰工程有限公司            ,重庆江北区龙湖源著南区21栋11-8,4008-659-600,,
九州装饰            ,渝中区人民支路5号,4008-659-600,,
重庆费莫尔建筑工程设计有限公司            ,重庆市大坪高九路恒康丽景 A栋9-12,4008-659-600,,
广州市点划装饰设计有限公司重庆分公司            ,,4008-659-600,,
优乐装饰            ,重庆市九龙坡区杨家坪动物园斜对面优乐装饰广...,4008-659-600,,
重庆美的家装饰工程有限公司鸿馆分公司            ,渝北汽博中心.金童路轻轨站旁,4008-659-600,,
装饰            ,12,4008-659-600,,
三优装饰有限公司            ,重庆市渝北区新溉大道,4008-659-600,,
重庆帝博建筑安装有限公司            ,重庆市江北区东原d7新新park三幢11楼...,4008-659-600,,
三好速装            ,,4008-659-600,,
重庆远景装饰工程有限公司            ,重庆主城各区设有分公司,4008-659-600,,
重庆绿暖科技发展有限公司            ,重庆市九龙坡区创业大道123号百可科技2层,4008-659-600,,
重庆奥和意装饰设计工程有限公司            ,大坪石油路龙湖时代天街b馆39f,4008-659-600,,
重庆生活家装饰工程设计有限公司            ,重庆市江北区红黄路20号附1号,4008-659-600,,
中御建设发展(北京)有限公司重庆分公司            ,重庆市渝北区青枫北路12号高科双子座B座2...,4008-659-600,,
重庆瀚方装饰工程有限公司            ,渝中区七星岗巴渝世家,4008-659-600,,
重庆专筑装饰工程有限公司            ,重庆市江北区金科蚂蚁栋21-11,4008-659-600,,
重庆万骏装饰有限公司            ,鸳鸯具信美家居市场,4008-659-600,,
重庆建洲装饰            ,南坪建玛特8-20号,4008-659-600,,
尚层装饰重庆分公司            ,,4008-659-600,,
重庆乐尚装饰工程有限公司            ,重庆南坪协信城7栋36楼,4008-659-600,,
重庆双木装饰            ,,4008-659-600,,
重庆大学生室内设计工作室            ,,4008-659-600,,
重庆梵点建筑装饰工程有限公司            ,,4008-659-600,,
俏业家装修公司            ,,4008-659-600,,
视觉色纯简易家装饰            ,重庆市渝北区民安大道447号附2号,4008-659-600,,
重庆木格装饰工程有限公司            ,重庆市南岸区江南大道7号浪高韵阁2楼,4008-659-600,,
广州国广建筑装饰工程有限公司            ,渝北汽博,4008-659-600,,
重庆装饰            ,74575,4008-659-600,,
重庆德品装饰工程有限公司            ,重庆江北红旗河沟东和银都酒店五楼,4008-659-600,,
德品装饰工程有限公司            ,,4008-659-600,,
重庆居无忧装饰工程有限公司            ,重庆万州北山大道170号,4008-659-600,,
重庆泰康科技有限公司            ,重庆渝北区新牌坊中渝都会首站,4008-659-600,,
重庆保利奢雅家居            ,重庆市北部新区保利高尔夫东大门,4008-659-600,,
重庆天怡美装饰工程有限公司            ,重庆市渝北区重庆北站对面华宇北城中央B区,4008-659-600,,
北京龙发装饰            ,黄泥磅红黄路439号,4008-659-600,,
重庆交换空间装饰工程有限公司            ,重庆市北部新区金开大道1230号（轨道3号...,4008-659-600,,
重庆土拔鼠装饰设计工程有限公司            ,重庆江北区大石坝东原D7四期1栋16楼,4008-659-600,,
重庆三好RBT速装有限公司            ,重庆渝北区新牌坊新溉大道山顶道国宾城新世纪...,4008-659-600,,
重庆市点赞装饰有限公司            ,重庆永川区人民南路88号5-27(文化艺术...,4008-659-600,,
重庆科亦美多彩集成墙饰            ,重庆市合川区公园路18号A栋一单元4-2,4008-659-600,,
重庆三好优品装饰公司            ,:渝北区新牌坊新溉大道山顶道国宾城新世纪超...,4008-659-600,,
三好速装中心            ,郑家院子3号轻轨站出口,4008-659-600,,
重庆瓷艺建材有限公司            ,重庆市九龙坡区八益建材市场1区167号,4008-659-600,,
三好BRT24速装中心            ,,4008-659-600,,
天怡美装饰工程            ,渝北天宫大道,4008-659-600,,
重庆大学生室内设计工作室            ,,4008-659-600,,
重庆梵点建筑装饰工程有限公司            ,,4008-659-600,,
视觉色装饰集团纯简分公司            ,重庆市渝北区人和立交金地豪苑2.3楼,4008-659-600,,
重庆业之峰装饰有限公司            ,,4008-659-600,,
德品装饰有限公司            ,,4008-659-600,,
重庆特睿装饰设计有限公司            ,石桥铺经纬大道1109号2-17-13,4008-659-600,,
尚层装饰重庆分公司            ,,4008-659-600,,
重庆三好BRT速装中心            ,重庆渝北新牌坊,4008-659-600,,
重庆人倍装饰公司            ,重庆市沙坪坝,4008-659-600,,
维尔维尔国际家居装饰            ,重庆江北区黄泥磅轻轨站旁,4008-659-600,,
熙和兰廷装饰            ,铜梁四季花城售楼部斜对面，创味江湖楼上,4008-659-600,,
重庆建材公司            ,重庆市马家岩临江装饰城,4008-659-600,,
重庆德品装饰工程有限公司            ,重庆市江北区红旗河沟汽车北站旁,4008-659-600,,
重庆德品装饰公司            ,,4008-659-600,,
重庆梵点建筑装饰工程有限公司            ,,4008-659-600,,
重庆海豚装饰设计工程有限公司            ,重庆南坪,4008-659-600,,
重庆泰康科技有限公司            ,重庆渝北区新牌坊中渝都会首站,4008-659-600,,
三好速装中心            ,渝北区新牌坊新溉大道山顶道国宾城 新世纪超...,4008-659-600,,
广州国广建筑装饰工程有限公司            ,渝北汽博,4008-659-600,,
三好brt速装中心            ,渝北区新牌坊新溉大道山顶道国宾城新世纪超市...,4008-659-600,,
重庆保利奢雅家居            ,重庆市北部新区保利高尔夫东大门,4008-659-600,,
成都月月装饰            ,,4008-659-600,,
重庆天怡美装饰工程有限公司            ,重庆市渝北区重庆北站对面华宇北城中央B区,4008-659-600,,
欧也装饰智能整体家装首创企业            ,南坪福天大厦（百盛斜对面）,4008-659-600,,
重庆德品装饰工程有限公司            ,江北红旗河沟苏宁电器旁东和银都酒店5楼,4008-659-600,,
欧也智能整体装饰            ,渝北新牌坊,4008-659-600,,
重庆海豚装饰设计工程有限公司            ,重庆市南坪万达广场城市之光14楼,4008-659-600,,
重庆泰康科技有限公司            ,重庆渝北区新牌坊中渝都会首站,4008-659-600,,
广州国广建筑装饰工程有限公司            ,渝北汽博,4008-659-600,,
重庆保利奢雅家居            ,重庆市北部新区保利高尔夫东大门,4008-659-600,,
重庆天怡美装饰工程有限公司            ,重庆市渝北区重庆北站对面华宇北城中央B区,4008-659-600,,
北京龙发装饰            ,黄泥磅红黄路439号,4008-659-600,,
尚层装饰重庆分公司            ,,4008-659-600,,
重庆三好BRT速装中心            ,重庆渝北新牌坊,4008-659-600,,
重庆大磐石建筑装饰设计有限公司            ,重庆黄泥磅新溉大道219号  新址,4008-659-600,,
重庆金意堂装饰设计有限公司            ,江北区鱼嘴北路,4008-659-600,,
重庆世纪标榜装饰公司            ,,4008-659-600,,
生活家装饰工程有限公司            ,重庆市江北区红黄路20号附1号,4008-659-600,,
重庆融阔装饰工程有限公司            ,渝北区鲁能星城五街区7号商铺(售房部旁),4008-659-600,,
重庆简爱装饰工程有限公司            ,重庆市南岸区弹子石国际社区B座15幢25-...,4008-659-600,,
博菲克装饰有限公司            ,江北红石路聚信名家汇家居建材市场C区106,4008-659-600,,
重庆柒玖建筑装饰工程有限公司            ,重庆市九龙坡区杨家坪正街斌鑫世纪城,4008-659-600,,
thisisatest            ,在哪儿,4008-659-600,,
22222            ,,4008-659-600,,
重庆视觉色装饰家居企业集团            ,重庆江北区北滨路居然之家G1,4008-659-600,,
重庆市达瑞装饰有限公司            ,,4008-659-600,,
意德琳全包家居装饰            ,较场口得意商厦23楼,4008-659-600,,
重庆德品装饰            ,重庆江北区红旗河沟东和银都5楼,4008-659-600,,
重庆欧康装饰工程有限公司            ,,4008-659-600,,
重庆三好优品装饰            ,重庆渝北山顶道国宾城,4008-659-600,,
重庆铭升装饰有限公司            ,重庆市渝北区龙湖MOCO,4008-659-600,,
苹果装饰            ,,4008-659-600,,
三好优品装饰工程有限公司            ,重庆渝北国宾城旁,4008-659-600,,
晟烨装饰工程有限公司            ,南岸区南平西路金台大厦7楼,4008-659-600,,
重庆瓷艺建材有限公司            ,重庆市九龙坡区八益建材市场1区167号,4008-659-600,,
博菲克装饰有限公司            ,江北红石路聚信名家汇家居建材市场C区106,4008-659-600,,
重庆柒玖建筑装饰工程有限公司            ,重庆市九龙坡区杨家坪正街斌鑫世纪城,4008-659-600,,
业之峰诺华装饰有限公司            ,渝北区新溉大道231号天空太阳城业之峰,4008-659-600,,
thisisatest            ,在哪儿,4008-659-600,,
重庆金意堂装饰设计有限公司            ,江北区鱼嘴北路,4008-659-600,,
重庆日辉装饰            ,红旗河沟中翰名苑洋河三村八号10-1,4008-659-600,,
天怡美装饰工程            ,渝北天宫大道,4008-659-600,,
重庆成双建筑装饰工程有限公司            ,重庆南岸区六公司七季城Ｃ区3-4-5,4008-659-600,,
重庆市万州区磊艺装饰设计有限公司            ,重庆长寿区新城中央公寓4栋1207,4008-659-600,,
华华高端设计事务所            ,,4008-659-600,,
三好速装装饰公司            ,渝北区新牌坊新溉大道山顶道国宾城新世纪旁,4008-659-600,,
重庆业之峰装饰有限公司            ,重庆市渝北区新溉大道231号天工太阳岛业之...,4008-659-600,,
三好brt速装中心            ,渝北新溉大道山顶道国宾城2楼,4008-659-600,,
重庆远诚装饰设计工程有限公司            ,重庆九龙坡杨家坪月华新都27-9,4008-659-600,,
重庆博玛装饰            ,重庆江北区观音桥同聚远景27楼,4008-659-600,,
圆月装饰施工公司            ,渝中区临江门大井巷4-5-2,4008-659-600,,
维尔维尔国际家装            ,,4008-659-600,,
重庆彩江软膜安装公司            ,,4008-659-600,,
 ,,4008-659-600,,
重庆市乐尚装饰有限公司            ,,4008-659-600,,
重庆领御装饰设计有限公司            ,北部新区金渝大道85号汉国中心禧纳都3F,4008-659-600,,
重庆九翔装饰公司            ,重庆九龙坡区石桥铺西部商城C座8-14,4008-659-600,,
小黄装修公司            ,重庆市大足区,4008-659-600,,
重庆市南木生花艺术装饰工作室            ,重庆市南岸区学府大道,4008-659-600,,
重庆三好优品工程有限公司            ,渝北区新牌坊新溉大道山顶道国宾城新世纪超市...,4008-659-600,,
明達装饰设计公司            ,重庆荣昌东邦城市广场29号附129,4008-659-600,,
北京科华消防工程有限公司重庆分公司            ,重庆市南岸区辅仁路江南香郡3幢3-2,4008-659-600,,
九间堂装饰公司            ,重庆渝北区动力国际1栋15楼,4008-659-600,,
重庆艺巧装饰工程有限公司            ,重庆市红旗河沟建马特北部尚座20-15,4008-659-600,,
重庆三好BRT24速装中心            ,渝北新牌坊郑家院子山顶道国宾城三好BRT2...,4008-659-600,,
重庆生活家装饰            ,重庆市江北区红黄路20号附1号,4008-659-600,,
博菲克装饰有限公司            ,江北红石路聚信名家汇家居建材市场C区106,4008-659-600,,
点博装饰有限公司            ,重庆市江北区红旗河沟建玛特北部尚座A座20...,4008-659-600,,
重庆柒玖建筑装饰工程有限公司            ,重庆市九龙坡区杨家坪正街斌鑫世纪城,4008-659-600,,
重庆喜年来装饰工程有限公司            ,重庆市九龙坡区杨家坪斌鑫世纪城A2栋30-...,4008-659-600,,
thisisatest            ,在哪儿,4008-659-600,,
重庆格调万盛分公司.金诺装饰            ,重庆市万盛区万盛大道26号1-23,4008-659-600,,
重庆日辉装饰            ,红旗河沟中翰名苑洋河三村八号10-1,4008-659-600,,
重庆居捷建筑装饰工程有限公司            ,重庆市渝北区回兴街道宝圣西路472号,4008-659-600,,
重庆源茂装饰工程有限公司            ,重庆江北区红旗河沟建玛特北部尚座11-19,4008-659-600,,
重庆德品装饰工程有限公司            ,重庆市江北区红旗河沟东和银都酒店5楼,4008-659-600,,
重庆美饰莱装饰工程有限公司            ,重庆市渝北区金易都会A座(重百电器旁),4008-659-600,,
重庆索菲特装饰工程有限公司            ,重庆杨家坪国际金融大厦21楼,4008-659-600,,
重庆金蜜蜂装饰工程有限公司            ,重庆市九龙坡区杨家坪建设广场2楼(杨家坪公...,4008-659-600,,
意德琳全包家居装饰            ,较场口得意商厦23楼,4008-659-600,,
重庆欧康装饰工程有限公司            ,,4008-659-600,,
三好BRT速装中心            ,渝北区新牌坊新溉大道山顶道国宾城新世纪超市...,4008-659-600,,
重庆帝凡装饰工程有限公司            ,南岸区亚太商谷8-2号,4008-659-600,,
北京业之峰诺华装饰股份有限公司重庆分公司            ,重庆市渝北区新溉大道231号天空太阳业之峰,4008-659-600,,
重庆佳天下装饰工程有限公司            ,重庆江北区北滨一路368号灯巢国际灯饰博览...,4008-659-600,,
大恒建筑智能化工程            ,,4008-659-600,,
重庆视觉色装饰家居企业集团            ,重庆江北区北滨路居然之家G1,4008-659-600,,
重庆市达瑞装饰有限公司            ,,4008-659-600,,
华诚精艺建筑装饰工程有限公司            ,重庆市南岸区玖玺国际7栋23-8,4008-659-600,,
重庆装饰工程有限公司            ,757,4008-659-600,,
重庆三好优品装饰            ,渝北区新牌坊新溉路新世纪旁,4008-659-600,,
晟烨装饰工程有限公司            ,南岸区南平西路金台大厦7楼,4008-659-600,,
雅居乐装饰队            ,重庆涂渝中区两路口,4008-659-600,,
乾维装饰设计有限公司            ,公司地址：江北观音桥浩博天庭24楼（爱尔眼...,4008-659-600,,
重庆融阔装饰工程有限公司            ,渝北区鲁能星城五街区7号商铺(售房部旁),4008-659-600,,
乾维装饰设计有限公司            ,公司地址：江北观音桥浩博天庭24楼（爱尔眼...,4008-659-600,,
重庆简爱装饰工程有限公司            ,重庆市南岸区弹子石国际社区B座15幢25-...,4008-659-600,,
重庆兄弟装饰工程有限公司            ,重庆渝中较场口得意商厦4楼,4008-659-600,,
重庆欧也装饰工程有限公司            ,重庆市渝北区松牌路523号金龙大厦4号,4008-659-600,,
重庆乐尚装饰工程有限公司            ,重庆南坪协信城7栋36楼,4008-659-600,,
重庆力天有限公司            ,,4008-659-600,,
重庆双木装饰            ,,4008-659-600,,
俏业家装修公司            ,,4008-659-600,,
视觉色纯简易家装饰            ,重庆市渝北区民安大道447号附2号,4008-659-600,,
重庆海豚装饰设计工程有限公司            ,重庆南坪,4008-659-600,,
重庆装饰            ,74575,4008-659-600,,
鹏友百年装饰            ,重庆市江北区建马特19楼,4008-659-600,,
重庆交换空间装饰工程有限公司            ,重庆市北部新区金开大道1230号（轨道3号...,4008-659-600,,
重庆土拔鼠装饰设计工程有限公司            ,重庆江北区大石坝东原D7四期1栋16楼,4008-659-600,,
重庆同展装饰工程有限公司            ,重庆沙坪坝三峡广场王府井百货B座10-16...,4008-659-600,,
重庆象田装饰设计工程有限公司            ,重庆市江北区观音桥茂业东方时代13楼30号,4008-659-600,,
重庆三好优品工程有限公司            ,渝北区新牌坊新溉大道山顶道国宾城新世纪超市...,4008-659-600,,
明達装饰设计公司            ,重庆荣昌东邦城市广场29号附129,4008-659-600,,
北京科华消防工程有限公司重庆分公司            ,重庆市南岸区辅仁路江南香郡3幢3-2,4008-659-600,,
重庆九翔装饰工程有限公司            ,重庆九龙坡区石桥铺雨林商都4楼,4008-659-600,,
重庆古凡装饰工程有限公司            ,重庆江北观音桥COSMOA座17-9,4008-659-600,,
重庆华美装饰工程有限公司            ,华美装饰,4008-659-600,,
重庆天怡美装饰工程有限公司            ,龙头寺对面华宇北城中央A区,4008-659-600,,
品厶设计工程有限公司            ,南平协信城星光时代广场7栋16-10,4008-659-600,,
重庆市忆凡装饰有限责任公司            ,重庆市九龙区,4008-659-600,,
重庆国宇装饰工程有限公司            ,重庆市北部新区金渝大道89号线外城市花园（...,4008-659-600,,
重庆佳天下装饰工程有限公司            ,重庆江北区北滨一路368号灯巢国际灯饰博览...,4008-659-600,,
重庆新盛装饰有限公司            ,重庆市南岸区浪高国际亮阁13-22（重庆安...,4008-659-600,,
重庆欧也装饰            ,,4008-659-600,,
重庆梵点建筑装饰工程有限公司            ,,4008-659-600,,
重庆德品装饰工程有限公司            ,重庆市江北区红旗河沟东和银都酒店5楼,4008-659-600,,
重庆德品装饰            ,红旗河沟苏宁电器楼上5楼,4008-659-600,,
重庆居无忧装饰工程有限公司            ,重庆市万州区北山大道中天家具城,4008-659-600,,
重庆意德琳装饰工程有限公司            ,@qq.com,4008-659-600,,
许文装饰2015            ,,4008-659-600,,
三好速装BRT            ,,4008-659-600,,
重庆泰康科技有限公司            ,重庆渝北区新牌坊中渝都会首站,4008-659-600,,
广州国广建筑装饰工程有限公司            ,渝北汽博,4008-659-600,,
重庆三好BRT24速装中心            ,渝北新牌坊郑家院子山顶道国宾城三好BRT2...,4008-659-600,,
重庆同展装饰工程有限公司            ,重庆沙坪坝三峡广场王府井百货B座10-16...,4008-659-600,,
三好BRT速装中心            ,渝北区新牌坊新溉大道山顶道国宾城新世纪超市...,4008-659-600,,
重庆象田装饰设计工程有限公司            ,重庆市江北区观音桥茂业东方时代13楼30号,4008-659-600,,
重庆帝凡装饰工程有限公司            ,南岸区亚太商谷8-2号,4008-659-600,,
北京业之峰诺华装饰股份有限公司重庆分公司            ,重庆市渝北区新溉大道231号天空太阳业之峰,4008-659-600,,
重庆佳天下装饰工程有限公司            ,重庆江北区北滨一路368号灯巢国际灯饰博览...,4008-659-600,,
华赢装饰公司            ,沙坪坝。小龙坎,4008-659-600,,
重庆冠升装饰工程有限公司            ,苏州市姑苏区枫桥路698号雪枫街1号楼3层,4008-659-600,,
建洲装饰企业            ,南岸区南坪,4008-659-600,,
大恒建筑智能化工程            ,,4008-659-600,,
重庆视觉色装饰家居企业集团            ,重庆江北区北滨路居然之家G1,4008-659-600,,
重庆市达瑞装饰有限公司            ,,4008-659-600,,
重庆别墅装修公司            ,渝北区黄山大道中段56号渝兴广场B1-21,4008-659-600,,
重庆成双建筑装饰工程有限公司            ,重庆南岸区六公司七季城Ｃ区3-4-5,4008-659-600,,
重庆源茂装饰工程有限公司            ,重庆江北区红旗河沟建玛特北部尚座11-19,4008-659-600,,
重庆欧康装饰工程有限公司            ,,4008-659-600,,
重庆德品装饰            ,重庆江北区红旗河沟东和银都5楼,4008-659-600,,
重庆三好优品装饰            ,重庆渝北山顶道国宾城,4008-659-600,,
重庆铭升装饰有限公司            ,重庆市渝北区龙湖MOCO,4008-659-600,,
重庆市忆凡装饰有限责任公司            ,重庆市九龙区,4008-659-600,,
重庆市乐尚装饰有限公司            ,,4008-659-600,,
意德琳全包家居装饰            ,较场口得意商厦23楼,4008-659-600,,
三好速装中心            ,渝北区新牌坊新溉大道山顶道国宾城 新世纪超...,4008-659-600,,
三好brt速装中心            ,渝北区新牌坊新溉大道山顶道国宾城新世纪超市...,4008-659-600,,
晟烨装饰工程有限公司            ,南岸区南平西路金台大厦7楼,4008-659-600,,
雅居乐装饰队            ,重庆涂渝中区两路口,4008-659-600,,
乾维装饰设计有限公司            ,公司地址：江北观音桥浩博天庭24楼（爱尔眼...,4008-659-600,,
重庆兄弟装饰工程有限公司            ,重庆渝中较场口得意商厦4楼,4008-659-600,,
重庆德品装饰工程有限公司            ,江北红旗河沟苏宁电器旁东和银都酒店5楼,4008-659-600,,
欧也智能整体装饰            ,渝北新牌坊,4008-659-600,,
重庆乐尚整体家装公司            ,南坪协信星光时代广场7栋36楼,4008-659-600,,
重庆向君科技发展有限公司            ,重庆向君科技发展有限公司,4008-659-600,,
东易日盛            ,,4008-659-600,,
重庆祥本装饰工程有限公司            ,,4008-659-600,,
涪陵交换空间装饰            ,涪陵区滨江大道滨江国际3楼,4008-659-600,,
深圳市顺洲建设集团有限公司            ,,4008-659-600,,
重庆典格装饰公司            ,,4008-659-600,,
重庆福到家装饰            ,,4008-659-600,,
重庆迎春花装饰工程有限公司            ,,4008-659-600,,
西港装饰工程有限公司            ,,4008-659-600,,
重庆国奥装饰工程有限公司            ,双星大道4号（烟草公司对面）,4008-659-600,,
重庆唐卡装饰工程有限公司            ,江北区观音桥步行街嘉年华大厦5层（苏宁易购...,4008-659-600,,
广东华浔品味装饰集团重庆有限公司            ,重庆市渝北区红锦大道48号,4008-659-600,,
毅名扬设计定制中心            ,重庆市渝北区奥林匹克花园斜对面,4008-659-600,,
重庆瀚博建筑装饰工程有限公司            ,北部新区天山大道西段39号龙湖江与城熙溪地...,4008-659-600,,
深圳市顺洲建设集团有限公司            ,,4008-659-600,,
重庆百成和润            ,,4008-659-600,,
塞纳春天装饰工程有限公司            ,,4008-659-600,,
重庆基洛装饰设计有限公司            ,重庆市南岩区,4008-659-600,,
东易日盛            ,,4008-659-600,,
重庆祥本装饰工程有限公司            ,,4008-659-600,,
涪陵交换空间装饰            ,涪陵区滨江大道滨江国际3楼,4008-659-600,,
深圳市顺洲建设集团有限公司            ,,4008-659-600,,
重庆典格装饰公司            ,,4008-659-600,,
重庆福到家装饰            ,,4008-659-600,,
重庆迎春花装饰工程有限公司            ,,4008-659-600,,
西港装饰工程有限公司            ,,4008-659-600,,
重庆九鼎日盛装饰集团CJD原创设计机构            ,,4008-659-600,,
重庆格调华冠装饰设计工程有限公司            ,,4008-659-600,,
重庆泽华装饰工程有限公司            ,,4008-659-600,,
重庆优家馆装饰公司            ,重庆市花卉园世纪财富星座10楼,4008-659-600,,
重庆航鸿幕墙装饰设计有限公司            ,重庆市南岸区南坪东路39号,4008-659-600,,
重庆秋旭装饰工程有限公司            ,重庆市巴南区万达广场10栋15-5,4008-659-600,,
重庆新未来装饰工程有限公司            ,合川区南津街南屏路270-4号（新世纪百货...,4008-659-600,,
重庆主创装饰设计工程有限公司            ,,4008-659-600,,
重庆典格装饰公司            ,,4008-659-600,,
重庆格调华冠装饰设计工程有限公司            ,,4008-659-600,,
重庆谦宇建筑装饰工程有限公司            ,重庆市南岸区南坪西路百联购物广场嘉德A座8...,4008-659-600,,
鹏友百年视爵装饰            ,红旗河沟建玛特北部尚座19楼鹏友百年装饰,4008-659-600,,
重庆唐卡装饰工程有限公司            ,观音桥嘉年华大厦5L,4008-659-600,,
鹏友百年装饰            ,,4008-659-600,,
优家馆装饰工程有限公司            ,,4008-659-600,,
甲壳虫整体装修公司            ,合川城南 城北都有  详情打电话或者qq咨...,4008-659-600,,
重庆宽远装饰工程有限公司            ,巴南区渝南大道180号附36-37,4008-659-600,,
重庆爱宅装饰有限公司            ,,4008-659-600,,
重庆交换空间装饰            ,,4008-659-600,,
重庆天江建筑装饰工程有限公司            ,,4008-659-600,,
重庆优木家装饰工程有限公司            ,,4008-659-600,,
重庆交换空间装饰工程有限公司            ,重庆市渝北区轻轨三号线园博园站旁,4008-659-600,,
重庆唐卡装饰工程有限公司            ,观音桥嘉年华大厦5L,4008-659-600,,
鹏友百年装饰            ,,4008-659-600,,
优家馆装饰工程有限公司            ,,4008-659-600,,
广东华浔品味装饰集团重庆有限公司            ,重庆市江北区北滨路金源世纪购物广场灯巢40...,4008-659-600,,
重庆天古装饰艺术设计工程有限公司            ,汽博中心线外城市花园5栋26楼,4008-659-600,,
重庆九间堂装饰设计工程有限公司            ,重庆市渝北区狮子坪动力国际E栋15楼,4008-659-600,,
重庆交换空间装饰工程有限公司            ,重庆市渝北区轻轨三号线园博园站旁,4008-659-600,,
重庆格调华冠装饰设计工程有限公司            ,,4008-659-600,,
重庆东易日盛装饰工程有限公司            ,,4008-659-600,,
渝贵园林防腐木            ,万州沙龙路三段光彩大市场第七街75号,4008-659-600,,
重庆祥本装饰工程有限公司            ,,4008-659-600,,
涪陵交换空间装饰            ,涪陵区滨江大道滨江国际3楼,4008-659-600,,
重庆品特装饰设计工程有限公司            ,重庆市南岸区海棠溪街道南坪东路581号A区...,4008-659-600,,
家装项目经理            ,,4008-659-600,,
重庆福到家装饰            ,,4008-659-600,,
重庆迎春花装饰工程有限公司            ,,4008-659-600,,
西港装饰工程有限公司            ,,4008-659-600,,
重庆基洛装饰设计有限公司            ,重庆市南岸区茶园新区米兰路盈讯天地一号楼2...,4008-659-600,,
重庆泽华装饰工程有限公司            ,重庆市铜梁区光伦商贸园187 233 44...,4008-659-600,,
北京正道建筑装饰工程有限公司重庆分公司            ,,4008-659-600,,
重庆标鼎装饰工程有限公司            ,重庆市九龙坡区兰美路15 号,4008-659-600,,
重庆井杨子茶艺            ,,4008-659-600,,
重庆格调装饰设计工程有限公司            ,渝北区红星美凯龙旁金科蚂蚁B栋6楼,4008-659-600,,
重庆渝保家家庭服务有限公司            ,重庆市沙坪坝区沙滨路10号5幢25-2,4008-659-600,,
居之家装修集团            ,,4008-659-600,,
美上美(重庆)建筑装饰工程有限公司            ,,4008-659-600,,
亚格艺健康顶墙            ,浙江嘉兴.王店小家电工业园,4008-659-600,,
重庆龙臻装饰设计工程有限公司            ,重庆市九龙坡区杨家坪西城天街B座17楼,4008-659-600,,
重庆格调华冠装饰设计工程有限公司            ,,4008-659-600,,
重庆九鼎日盛装饰集团CJD原创设计机构            ,,4008-659-600,,
重庆居联峰尚装饰工程有限公司            ,重庆市沙坪坝沙滨路国际创客港,4008-659-600,,
重庆莱齐乐装饰工程有限公司            ,重庆市渝北区金开大道万科万悦汇351号附2...,4008-659-600,,
重庆乾誉装饰设计有限公司            ,,4008-659-600,,
城口县墨卡室内设计工作室            ,,4008-659-600,,
重庆塞纳春天家装            ,重庆市江北区观音桥星天广场,4008-659-600,,
重庆鸿馆装饰工程有限公司            ,重庆九龙坡二郎智博大厦3楼,4008-659-600,,
宏韵装饰            ,,4008-659-600,,
重庆九间堂装饰设计工程有限公司            ,重庆市渝北区狮子坪动力国际E栋15楼,4008-659-600,,
高度国际装饰重庆分公司            ,重庆市渝中区化龙桥企业天地2楼21楼,4008-659-600,,
重庆汉臣涂料有限公司            ,,4008-659-600,,
重庆鸿馆装饰工程有限公司            ,重庆市九龙坡区渝高立交桥渝高智博大厦3楼,4008-659-600,,
重庆市宏鑫亿装饰有限公司大足分公司            ,重庆市大足区新城12区大门旁边二楼,4008-659-600,,
重庆巴腾装饰工程有限公司            ,重庆市茶园新区鲁能领秀城骏峰17-1-6,4008-659-600,,
重庆欧也装饰有限公司            ,,4008-659-600,,
香港锦绣建筑装饰工程有限公司            ,.....,4008-659-600,,
重庆市江津区邦鸿品味装饰            ,,4008-659-600,,
重庆航鸿幕墙装饰设计有限公司            ,重庆市南岸区南坪东路39号,4008-659-600,,
北京德创鸿源装饰工程有限公司重庆分公司            ,,4008-659-600,,
重庆原研设计有限责任公司            ,,4008-659-600,,
重庆交换空间装饰            ,,4008-659-600,,
重庆宽远装饰工程有限公司            ,巴南区渝南大道180号附36-37,4008-659-600,,
重庆爱宅装饰有限公司            ,,4008-659-600,,
重庆福到家装饰            ,,4008-659-600,,
重庆迎春花装饰工程有限公司            ,,4008-659-600,,
西港装饰工程有限公司            ,,4008-659-600,,
重庆基洛装饰设计有限公司            ,重庆市南岸区茶园新区米兰路盈讯天地一号楼2...,4008-659-600,,
重庆天江建筑装饰工程有限公司            ,,4008-659-600,,
重庆泽华装饰工程有限公司            ,重庆市铜梁区光伦商贸园187 233 44...,4008-659-600,,
重庆好时嘉装饰工程有限公司            , 重庆南岸工贸亚太路9号玖玺国际1栋6楼,4008-659-600,,
甲壳虫整体装修公司            ,合川城南 城北都有  详情打电话或者qq咨...,4008-659-600,,
丰都承旗装饰工程有限公司            ,丰都久桓城C区旁2楼承旗装饰,4008-659-600,,
重庆庆凯装饰工程有限公司            ,,4008-659-600,,
重庆交换空间装饰            ,,4008-659-600,,
高度国际装饰重庆分公司            ,重庆市渝中区化龙桥企业天地2楼21楼,4008-659-600,,
重庆鸿馆装饰工程有限公司            ,重庆市九龙坡区渝高立交桥渝高智博大厦3楼,4008-659-600,,
重庆市宏鑫亿装饰有限公司大足分公司            ,重庆市大足区新城12区大门旁边二楼,4008-659-600,,
重庆巧妙实业有限公司            ,,4008-659-600,,
重庆爱你家装饰工程有限公司            ,重庆市长寿区徐家坪中天装饰广场,4008-659-600,,
重庆早田装饰工程有限公司            ,,4008-659-600,,
重庆渝保家家庭服务有限公司            ,重庆市沙坪坝区沙滨路10号5幢25-2,4008-659-600,,
居之家装修集团            ,,4008-659-600,,
重庆龙臻装饰设计工程有限公司            ,重庆市九龙坡区杨家坪西城天街B座17楼,4008-659-600,,
重庆居之家装饰            ,,4008-659-600,,
重庆端木装饰工程有限公司            ,重庆市渝北区鸳鸯西部建材城办公楼4楼,4008-659-600,,
众意装饰有限公司            ,,4008-659-600,,
美上美(重庆)建筑装饰工程有限公司            ,,4008-659-600,,
重庆基洛装饰设计有限公司            ,重庆市南岸区茶园新区米兰路盈讯天地一号楼2...,4008-659-600,,
重庆泽华装饰工程有限公司            ,,4008-659-600,,
重庆庆凯装饰工程有限公司            ,,4008-659-600,,
重庆主创装饰设计工程有限公司            ,,4008-659-600,,
重庆业之峰装饰            ,,4008-659-600,,
宜城装饰有限公司            ,,4008-659-600,,
丰都承旗装饰工程有限公司            ,丰都久桓城C区旁2楼承旗装饰,4008-659-600,,
高度国际装饰重庆分公司            ,重庆市渝中区化龙桥企业天地2楼21楼,4008-659-600,,
诚信装饰材料公司            ,北碚区碚峡126号碚都装饰城,4008-659-600,,
重庆欧也装饰有限公司            ,,4008-659-600,,
家装项目经理            ,,4008-659-600,,
重庆唐卡装饰工程有限公司            ,观音桥嘉年华大厦5L,4008-659-600,,
重庆三好BRT24天速装中心            ,重庆市渝北区新牌坊新溉路山顶道国宾城（轨道...,4008-659-600,,
重庆融发之家装饰工程有限公司            ,重庆市江北区大石坝东原D74号写字楼9层,4008-659-600,,
二十四城家居装饰设计有限公司            ,重庆市九龙坡区杨家坪西郊路19号大洋百货旁,4008-659-600,,
重庆臻上装饰设计工程有限公司            ,重庆市江北区观音桥郎晴广场A塔9-1,4008-659-600,,
海珠装饰工程有限公司            ,重庆市江北区五里店转盘曼哈顿广场4楼,4008-659-600,,
重庆巾倬装饰工程有限公司            ,重庆市九龙坡区杨家坪跃华新都19-12,4008-659-600,,
重庆杰帝装饰设计工程有限公司            ,江北区 观音桥 邦兴北都9-6 (地铁观音...,4008-659-600,,
重庆炬木装饰设计工程有限公司            ,南坪金台大厦12-1,17-7,4008-659-600,,
重庆亨元装饰设计工程有限公司            ,重庆市江北区南桥寺永辉大厦5楼,4008-659-600,,
重庆鸿馆装饰工程有限公司            ,北部新区金渝大道汉国中心3楼,4008-659-600,,
齐家·典尚装饰重庆站            ,重庆市渝北区郑家院子新溉大道18号附11号...,4008-659-600,,
重庆芊墨装饰工程有限公司            ,重庆观音桥朗晴广场A塔18-14,4008-659-600,,
重庆好时嘉装饰工程有限公司            ,重庆市南岸区亚太路玖玺国际1栋6楼,4008-659-600,,
重庆建品装饰工程有限公司            ,九龙坡区巴国城金科500间(云湖路火炬路交...,4008-659-600,,
重庆品厶设计有限公司            ,重庆市南坪协信星光时代广场7栋16-10,4008-659-600,,
重庆亿同装饰工程有限公司            ,重庆市沙坪坝区马家岩万煌橱柜城后面,4008-659-600,,
重庆优乐装饰集团            ,重庆市九龙坡区杨家坪动物园对面西城印画小区,4008-659-600,,
北京欧润重庆分公司            ,重庆市江北区五里店转盘，华润万家超市旁,4008-659-600,,
重庆绿森林装饰工程有限公司            ,重庆市渝北区龙睛路9号金山矩阵A座5楼,4008-659-600,,
重庆嘉佳旺装饰设计工程有限公司            ,巴南龙州湾旭辉乐活城,4008-659-600,,
重庆欧也装饰工程有限公司            ,重庆市渝北区松牌路523号金龙商夏4楼,4008-659-600,,
喜满堂装饰设计工程有限公司            ,南坪西路 西计大厦7楼,4008-659-600,,
九鼎日盛装饰工程有限公司            ,重庆市渝北区翠云路46号重庆房子10楼,4008-659-600,,
重庆栖喜装饰            ,重庆市渝北区,4008-659-600,,
重庆艾克▪美克室内设计中心            ,南岸区南坪亚太商谷7-17-15(会展中心...,4008-659-600,,
重庆典匠装饰工程有限公司            ,重庆江北嘴黄花园大桥头北平安财富中心B栋1...,4008-659-600,,
重庆绿森林装饰工程有限公司            ,重庆市渝北区龙睛路9号金山矩阵A座5楼,4008-659-600,,
重庆居联峰尚装饰工程有限公司            ,重庆市沙坪坝区沙滨路国际创客港,4008-659-600,,
重庆西港装饰工程有限公司            ,重庆九龙坡区轻轨2号线动物园站(B出口九龙...,4008-659-600,,
重庆格调装饰设计工程有限公司            ,重庆市渝北区北环红星美凯龙旁金科蚂蚁B栋6...,4008-659-600,,
重庆梦庭装饰工程有限公司            ,重庆市九龙坡区剑龙北路1号附186-187...,4008-659-600,,
重庆贝迪维斯装饰设计有限公司            ,渝北区宝华大道仁安龙城国际二期南门（新溉路...,4008-659-600,,
重庆欧也装饰工程有限公司            ,重庆市渝北区松牌路523号金龙商夏4楼,4008-659-600,,
重庆铭坊易家装饰工程有限责任公司            ,重庆市沙坪坝区重庆大学柏树林66-2-2号,4008-659-600,,
重庆古兰建筑装饰设计工程有限公司            ,重庆市渝中区大坪正街万科锦程4栋9层,4008-659-600,,
重庆业之峰诺华整装有限公司            ,重庆市渝北区金开大道56号两江天地大厦业之...,4008-659-600,,
重庆博凯装饰工程有限公司            ,重庆江北区观音桥步行街红鼎国际c座13楼1...,4008-659-600,,
重庆观天下装饰工程有限公司            ,重庆两江新区金开大道90号棕榈泉国际中心C...,4008-659-600,,
重庆柠檬树装饰设计工程有限公司            ,重庆市渝北区红锦大道86号中渝广场3号楼2...,4008-659-600,,
重庆森大程装饰工程有限公司            ,重庆市渝北区双凤桥之路116号（金易星辰6...,4008-659-600,,
重庆庆凯装饰工程有限公司            ,重庆渝北区新牌坊星湖路1号劲力五星城二期,4008-659-600,,
重庆市晟烨装饰工程有限公司            ,南坪金台大厦7-8,4008-659-600,,
重庆诗情装饰设计工程有限公司            ,重庆市南岸区浪高凯悦国际商务大厦B座7楼,4008-659-600,,
东易日盛速美超级家            ,重庆市南岸区亚太路9号玖玺国际6栋3楼,4008-659-600,,
重庆奥邦装饰工程有限公司            ,重庆江北观音桥步行街郎晴广场B塔25层,4008-659-600,,
重庆远景装饰工程有限公司            ,重庆市主城区都有店面(解放碑、江北、南坪、...,4008-659-600,,
重庆鼎轩装饰工程有限公司            ,重庆市江北区 红旗河沟转盘 北部尚座23楼...,4008-659-600,,
重庆大本营装饰设计工程有限公司            ,渝中区较场口得意商厦A座25楼,4008-659-600,,
上海道春室内设计有限公司            ,重庆市江北区观音桥cosmo大厦A座12楼,4008-659-600,,
重庆古创装饰设计工程有限公司            ,红旗河沟建玛特北部尚座25－19,4008-659-600,,
重庆唐卡装饰工程有限公司            ,重庆市江北区观音桥步行街,4008-659-600,,
重庆维品天臣建筑装修工程有限公司            ,渝北区汽博金茂时代16-9-10,4008-659-600,,
重庆见龙装饰工程有限公司            ,重庆市渝北区新牌坊中渝都会首站1栋25层 ,4008-659-600,,
重庆德品装饰工程有限公司            ,重庆市九龙坡区巴国城火炬大道城市日记二楼,4008-659-600,,
重庆鼎景装饰工程有限公司            ,重庆市江北区华新街西普大厦19-1,4008-659-600,,
重庆美的家装饰工程有限公司            ,重庆市江北区北滨路灯巢TEL:,4008-659-600,,
重庆面对面装饰集团有限公司            ,江北观音桥北辰名都大厦6楼,4008-659-600,,
