南京柯耐建筑装饰工程有限公司 ,浦口区大桥北路1号华侨广场2311室,13585205025,58100822,
南京名满装饰工程设计有限公司 ,南京市浦口区高新侨康路16-19号,18362953119,58379168,
南京名屋装饰工程有限公司 ,南京市浦口区高新技术开发区,13236575900,13916373,
南京名乐装饰工程有限公司            ,南京市浦口区大桥北路9号弘阳大厦1819室,4008-659-600,,
南京嘉泽装饰工程有限公司            ,南京市栖霞区和燕路251号金港大厦B座18...,4008-659-600,,
南京六宏装饰工程有限公司            ,南京市六合区紫晶城一区01幢/专诸巷32号,4008-659-600,,
南京润庭装饰工程有限公司            ,六合区雄州街道彤华路8号汇锦水岸1-2商铺...,4008-659-600,,
南京鹏创装饰工程有限公司            ,大厂十村新华路332号(D2线新华路站南京...,4008-659-600,,
魅力家南京六合店            ,六合区华欧大道龙群路72门面房,4008-659-600,,
南京泉锦装饰工程有限公司            ,南京市六合区文昌街凤凰左岸15栋402室,4008-659-600,,
南京港安装饰工程有限公司            ,南京六合区泰山路99-3号,4008-659-600,,
南京合建建筑装璜有限公司            ,栖霞区燕子矶街道和燕路,4008-659-600,,
南京景升装饰工程有限公司            ,南京市 江宁区 庄排路158号紫元府3栋7...,4008-659-600,,
南京本居建筑装饰工程有限公司            ,,4008-659-600,,
南京振祥装饰有限责任公司            ,户部街33号东渡大厦,4008-659-600,,
南京富格之家装饰            ,南京市白下区户部街,4008-659-600,,
南京顺蕊装饰工程有限公司            ,六合金盛国际家居六号门斜对面二楼顺蕊装饰,4008-659-600,,
六合雅居装饰公司            ,南京市六合区草芳路,4008-659-600,,
南京永恒装饰工程有限公司            ,南京市浦口区大桥北路48号,4008-659-600,,
南京睿享装饰工程有限公司            ,南京市六合区汇锦水岸城二期9号16-17,4008-659-600,,
南京创品装饰工程有限公司            ,江苏省南京市江宁区岔路口宏运大道山水方舟门...,4008-659-600,,
南京百佳德装饰装饰工程有限公司六合分公司            ,六合区方州路66-3号,4008-659-600,,
南京六拓装饰工程有限公司            ,南京市六合区雄州街道上马石路41号（花语馨...,4008-659-600,,
南京盈门装饰工程有限公司            ,南京市六合区龙池街道冠城路35号盈门装饰（...,4008-659-600,,
南京天豪装饰工程有限公司            ,南京市六合区龙池街道冠城路29号,4008-659-600,,
南京铭越建筑装饰工程有限公司            ,南京市鼓楼区建宁路中央金地2幢617室,4008-659-600,,
江苏柏丽装饰工程有限公司            ,秦淮区洋珠巷54号3楼,4008-659-600,,
魅力家装饰六合分公司            ,南京市六合区龙池街道华欧大道72号,4008-659-600,,
