射洪县鑫百度装饰经营部 ,射洪县太和大道北段463号 ,18582500020,400-856-9600,
遂宁艾铂建筑装饰工程有限公司 ,四川省射洪县太和镇虹桥路227号(艾铂衣柜...,15196929995,5950285,
四川世纪鲁班装饰工程有限责任公司 ,四川省遂宁市射洪县太和镇滨江北路18号(一...,18728566619,6667856,
鲁公大宅装饰有限公司分公司            ,遂宁市船山区嘉禾西路109号,4008-659-600,,
尚座.装饰            ,成华区建材路39号九熙广场2栋19楼 如果...,4008-659-600,,
广东九木堂装饰分公司            ,遂宁市船山区开善中路293号永逸家居四楼,4008-659-600,,
一号家创客空间信息科技有限公司            ,遂宁市河东新区东平南路铂金公馆三楼（一号家...,4008-659-600,,
四川省维克维尔建筑装饰工程有限公司            ,遂宁市船山区紫竹路274号香林雅郡1栋21...,4008-659-600,,
四川精妙装饰设计有限公司            ,射洪县太和镇新华中街28号,4008-659-600,,
四川省家鼎装饰工程有限责任公司            ,遂宁市河东新区五彩缤纷路65附8、9号,4008-659-600,,
田园装饰有限公司            ,遂宁市射洪县嘉禾东路6号,4008-659-600,,
博创装饰工程有限公司            ,射洪县凯旋路191号广福商住楼2层01号,4008-659-600,,
森鑫建筑装饰工程有限公司            ,四川省遂宁市射洪县政府往东300米森鑫装饰,4008-659-600,,
青青建筑装饰工程有限公司            ,遂宁市中国西部现代物流港车配龙汽车百货国际...,4008-659-600,,
绘盛装饰工程有限公司            ,射洪县明月景城商用楼5楼(碧海玉都5楼),4008-659-600,,
朗斯建筑装饰工程有限公司            ,遂宁市河东新区正黄中心写字楼11楼整层,4008-659-600,,
广东星艺装饰集团分公司            ,遂宁船山开善路293号永逸家居商城4楼,4008-659-600,,
南昌实创家居装饰            ,南昌市洪城路6号新华都购物广场3楼,4008-659-600,,
尚峰建筑工程有限公司            ,遂宁物流港健坤车配龙B2栋,4008-659-600,,
鸿图装饰工程有限公司            ,,4008-659-600,,
 天盛建筑装饰工程有限公司            ,遂宁市河东新区德水北路56号金域国际商业内...,4008-659-600,,
家里蹲公司            ,沱牌大道,4008-659-600,,
遂宁市鼎旗装饰工程有限公司            ,射洪太和镇滨江尚郡9号,4008-659-600,,
成都丰立装饰工程有限公司            ,金牛区花牌坊街1号附12号西大金融2楼,4008-659-600,,
四川领帝装饰设计有限公司            ,遂宁市 市辖区 喜盈门四楼,4008-659-600,,
遂宁市金匠装饰工程有限公司            ,遂宁市物流港喜盈门建材生活广场B6栋四楼4...,4008-659-600,,
成都模范装饰工程有限公司            ,河东五彩缤纷路63号附18号（摩天轮旁）,4008-659-600,,
南昌道艺装饰有限公司            ,南昌市红谷滩万达中心写字楼B2-814,4008-659-600,,
市尚庭建筑有限公司            ,遂宁市船山区河东新区管委会对面,4008-659-600,,
鲁班装饰设计有限公司            ,南昌,4008-659-600,,
北京龙发装饰集团            ,阳明东路71号金涛国际a座,4008-659-600,,
嘉祺装饰设计工程有限公司            ,,4008-659-600,,
美星装饰集团            ,南昌,4008-659-600,,
绵阳市今昔装饰设计工程有限公司            ,四川省射洪县太和镇翔羽滨江花园B-3,4008-659-600,,
实创家居装饰集团有限公司            ,青云谱洪都洪城路6号国贸广场13层,4008-659-600,,
