北京易尚国际装饰有限公司鹰潭分公司 ,江西省鹰潭市天洁紫荆花苑16-1号,15083693500,6686006,
鹰潭佳诚建筑装饰工程有限公司 ,鹰潭市天洁路嘉鹰湖畔居店面中国银行旁,18970172121,1897017212,
鹰潭弈昌装饰设计工程有限公司 ,鹰潭市信江新区金海岸B区东大门,18370067007,1757315,
智能家居装饰            ,江西省鹰潭市贵溪市建设大道国土资源局正对面...,4008-659-600,,
鹰潭中孚装饰工程有限公司            ,江西省 鹰潭市 月湖区 江西省鹰潭市月湖区...,4008-659-600,,
鹰潭久扬装饰工程有限公司            ,江西省 鹰潭市 月湖区 鹰潭市梅枫路4-1,4008-659-600,,
鹰潭鼎尊建筑装饰工程有限公司            ,鹰潭市天洁西路三川盛世华庭1栋10附6-7...,4008-659-600,,
鹰潭佳创装饰设计工程有限公司            ,鹰潭市月湖区五洲路天洁西湖嘉苑25-26号,4008-659-600,,
鹰潭市美星装饰设计有限公司            ,鹰潭市胜利路延伸段63号,4008-659-600,,
鹰潭市馨怡装饰有限公司            ,信江新区中央公馆店面108号,4008-659-600,,
南昌欧坊装饰工程有限公司            ,南昌西湖区洪城路576号天使商务广场t层,4008-659-600,,
江西装饰公司            ,南昌市抚生丽都广场,4008-659-600,,
北京实创家居装饰集团(江西)有限公司            ,南昌市洪城路6号国贸国贸广场新华都1-3层,4008-659-600,,
江西装饰设计工程有限公司            ,西湖区洪城路987号丽都广场a栋五楼（）,4008-659-600,,
南昌站            ,江西省南昌市青山湖区上海路699文化创意园,4008-659-600,,
网            ,南昌市青山湖区上海路699文化创意园,4008-659-600,,
江西翔海装饰工程有限公司            ,,4008-659-600,,
南昌站            ,江西省南昌市青山湖区上海路699文化创意园,4008-659-600,,
迪赞设计空间            ,南昌市井冈山大道名爵公馆,4008-659-600,,
鹰潭鼎尊建筑装饰工程有限公司            ,鹰潭市天洁西路三川盛世华庭1栋6店面,4008-659-600,,
迪赞设计空间            ,南昌市井冈山大道名爵公馆,4008-659-600,,
鹰潭馨怡装饰有限公司            ,信江新区象山路108号(中央公馆店面),4008-659-600,,
鹰潭无忧家装饰            ,,4008-659-600,,
南昌鲁公大宅装饰工程公司            ,南昌市八一广场丽华购物广场6楼,4008-659-600,,
鹰潭蜂巢建筑装饰工程有限公司            ,江西省 鹰潭市 月湖区 水岸华府旁,4008-659-600,,
鹰潭安居乐装饰有限公司            ,鹰潭市天洁路嘉鹰湖畔居一区28号,4008-659-600,,
鹰潭市华鸿装饰有限公司            ,鹰潭市龙虎山大道30号,4008-659-600,,
鹰潭华浔品味装饰            ,江西省鹰潭市月湖区五洲路五洲花园15号楼,4008-659-600,,
鹰潭好时尚装饰有限公司            ,鹰潭市龙虎山大道天洁路18号111店面(紫...,4008-659-600,,
星艺装饰有限公司            ,鹰潭市龙虎山大道天洁紫荆花苑1019号,4008-659-600,,
贵溪市强威装饰工程有限公司            ,鹰潭贵溪市瑞祥花苑A栋2单元402,4008-659-600,,
江西省中平创馨装饰有限公司            ,江西省鹰潭市信江北路何佳园14号楼3号店面,4008-659-600,,
名匠装饰有限公司            ,江西省 鹰潭市 龙虎山大道北华丰盛世16-...,4008-659-600,,
鹰潭市无忧家装饰工程有限公司            ,鹰潭市信江新区信江帝景无忧家大楼,4008-659-600,,
天元居装饰设计有限公司            ,西省贵溪市建设大道雅利安贵阁二楼14-15...,4008-659-600,,
鹰潭市潮空间装饰设计有限公司            ,江西省贵溪市和道华庭商铺S2-120,S2...,4008-659-600,,
鹰潭市馨怡装饰有限公司            ,江西省鹰潭市月湖区龙源小区22号店面,4008-659-600,,
